	(Intercept)	plantWheat	soilDP	sd__(Intercept)_cultivar	sd__Observation_Residual
b9	-2.12085875367525	0.656585059579923	0.373079495698978	0.172768491000226	0.857565101143591
b45	-1.49114027481211	0.673493197685468	0.864967572572667	0	0.828342207456859
b324	1.59860476523864	0.728868125362664	-2.20960928870408	0	0.621669525712994
b435	-0.909830328164686	0.656971515183572	0.50635393535464	0	0.735586534263117
